pH_change,Turbidity_change,Bacteria_shape,Yeast_shape,Contamination
Decreasing,Normal,True,True,Bacteria
Decreasing,Normal,True,True,Bacteria
Decreasing,Normal,True,False,Bacteria
Decreasing,Normal,True,False,Bacteria
Decreasing,Normal,True,False,Bacteria
Decreasing,Normal,True,False,Bacteria
Decreasing,Normal,True,False,Bacteria
Decreasing,Normal,True,False,Bacteria
Decreasing,Normal,True,False,Bacteria
Decreasing,Normal,True,False,Bacteria
Decreasing,Normal,True,False,Bacteria
Decreasing,Normal,True,False,Bacteria
Decreasing,Normal,True,False,Bacteria
Decreasing,Normal,True,False,Bacteria
Decreasing,Normal,True,False,Bacteria
Decreasing,Normal,True,False,Bacteria
Decreasing,Normal,True,False,Bacteria
Decreasing,Normal,True,False,Bacteria
Decreasing,Normal,True,False,Bacteria
Decreasing,Normal,True,False,Bacteria
Decreasing,Normal,True,False,Bacteria
Decreasing,Normal,True,False,Bacteria
Decreasing,Normal,True,False,Bacteria
Decreasing,Normal,True,False,Bacteria
Decreasing,Normal,True,False,Bacteria
Decreasing,Normal,True,False,Bacteria
Decreasing,Normal,True,False,Bacteria
Decreasing,Normal,True,False,Bacteria
Decreasing,Normal,True,False,Bacteria
Decreasing,Normal,True,False,Bacteria
Decreasing,Normal,True,False,Bacteria
Decreasing,Normal,True,False,Bacteria
Decreasing,Normal,False,False,Bacteria
Decreasing,Normal,False,False,Bacteria
Decreasing,Normal,False,False,Bacteria
Decreasing,Normal,False,False,Bacteria
Decreasing,Normal,False,False,Bacteria
Decreasing,Normal,False,False,Bacteria
Decreasing,Normal,False,False,Bacteria
Decreasing,Normal,False,False,Bacteria
Decreasing,Normal,False,False,Bacteria
Decreasing,Normal,False,False,Bacteria
Decreasing,Normal,False,False,Bacteria
Decreasing,Normal,False,False,Bacteria
Decreasing,Normal,False,False,Bacteria
Decreasing,Normal,False,False,Bacteria
Decreasing,Normal,False,False,Bacteria
Decreasing,Normal,False,False,Bacteria
Decreasing,Normal,False,False,Bacteria
Decreasing,Normal,False,False,Bacteria
Decreasing,Normal,False,False,Bacteria
Decreasing,Normal,False,False,Bacteria
Decreasing,Normal,False,False,Bacteria
Decreasing,Normal,False,False,Bacteria
Decreasing,Normal,False,False,Bacteria
Decreasing,Normal,False,False,Bacteria
Decreasing,Normal,False,False,Bacteria
Decreasing,Normal,False,False,Bacteria
Decreasing,Normal,False,False,Bacteria
Decreasing,Normal,False,False,Bacteria
Decreasing,Normal,False,False,Bacteria
Decreasing,Normal,False,False,Bacteria
Decreasing,Normal,False,True,Bacteria
Decreasing,Increasing,True,True,Bacteria
Decreasing,Increasing,True,True,Bacteria
Decreasing,Increasing,True,False,Bacteria
Decreasing,Increasing,True,False,Bacteria
Decreasing,Increasing,True,False,Bacteria
Decreasing,Increasing,True,False,Bacteria
Decreasing,Increasing,True,False,Bacteria
Decreasing,Increasing,True,False,Bacteria
Decreasing,Increasing,True,False,Bacteria
Decreasing,Increasing,True,False,Bacteria
Decreasing,Increasing,True,False,Bacteria
Decreasing,Increasing,True,False,Bacteria
Decreasing,Increasing,True,False,Bacteria
Decreasing,Increasing,True,False,Bacteria
Decreasing,Increasing,True,False,Bacteria
Decreasing,Increasing,True,False,Bacteria
Decreasing,Increasing,True,False,Bacteria
Decreasing,Increasing,True,False,Bacteria
Decreasing,Increasing,True,False,Bacteria
Decreasing,Increasing,True,False,Bacteria
Decreasing,Increasing,True,False,Bacteria
Decreasing,Increasing,True,False,Bacteria
Decreasing,Increasing,True,False,Bacteria
Decreasing,Increasing,True,False,Bacteria
Decreasing,Increasing,True,False,Bacteria
Decreasing,Increasing,True,False,Bacteria
Decreasing,Increasing,True,False,Bacteria
Decreasing,Increasing,True,False,Bacteria
Decreasing,Increasing,True,False,Bacteria
Decreasing,Increasing,True,False,Bacteria
Decreasing,Increasing,True,False,Bacteria
Decreasing,Increasing,True,False,Bacteria
Decreasing,Increasing,False,True,Bacteria
Normal,Normal,True,True,Bacteria
Normal,Normal,True,True,Yeast
Normal,Normal,True,False,Bacteria
Normal,Normal,True,False,Bacteria
Normal,Normal,True,False,Bacteria
Normal,Normal,True,False,Bacteria
Normal,Normal,True,False,Bacteria
Normal,Normal,True,False,Bacteria
Normal,Normal,True,False,Bacteria
Normal,Normal,True,False,Bacteria
Normal,Normal,True,False,Bacteria
Normal,Normal,True,False,Bacteria
Normal,Normal,True,False,Bacteria
Normal,Normal,True,False,Bacteria
Normal,Normal,True,False,Bacteria
Normal,Normal,True,False,Bacteria
Normal,Normal,True,False,Bacteria
Normal,Normal,True,False,Bacteria
Normal,Normal,True,False,Bacteria
Normal,Normal,True,False,Bacteria
Normal,Normal,True,False,Bacteria
Normal,Normal,True,False,Bacteria
Normal,Normal,True,False,Bacteria
Normal,Normal,True,False,Bacteria
Normal,Normal,True,False,Bacteria
Normal,Normal,True,False,Bacteria
Normal,Normal,True,False,Bacteria
Normal,Normal,True,False,Bacteria
Normal,Normal,True,False,Bacteria
Normal,Normal,True,False,Bacteria
Normal,Normal,True,False,Bacteria
Normal,Normal,True,False,Bacteria
Normal,Normal,False,False,False
Normal,Normal,False,False,False
Normal,Normal,False,False,False
Normal,Normal,False,False,False
Normal,Normal,False,False,False
Normal,Normal,False,False,False
Normal,Normal,False,False,False
Normal,Normal,False,False,False
Normal,Normal,False,False,False
Normal,Normal,False,False,False
Normal,Normal,False,False,False
Normal,Normal,False,False,False
Normal,Normal,False,False,False
Normal,Normal,False,False,False
Normal,Normal,False,False,False
Normal,Normal,False,False,False
Normal,Normal,False,False,False
Normal,Normal,False,False,False
Normal,Normal,False,False,False
Normal,Normal,False,False,False
Normal,Normal,False,False,False
Normal,Normal,False,False,False
Normal,Normal,False,False,False
Normal,Normal,False,False,False
Normal,Normal,False,False,False
Normal,Normal,False,False,False
Normal,Normal,False,False,False
Normal,Normal,False,False,False
Normal,Normal,False,False,False
Normal,Normal,False,False,False
Normal,Normal,False,False,False
Normal,Normal,False,False,False
Normal,Normal,False,False,False
Normal,Normal,False,False,False
Normal,Normal,False,False,False
Normal,Normal,False,False,False
Normal,Normal,False,False,False
Normal,Normal,False,False,False
Normal,Normal,False,False,False
Normal,Normal,False,False,False
Normal,Normal,False,False,False
Normal,Normal,False,False,False
Normal,Normal,False,False,False
Normal,Normal,False,False,False
Normal,Normal,False,False,False
Normal,Normal,False,False,False
Normal,Normal,False,False,False
Normal,Normal,False,False,False
Normal,Normal,False,False,False
Normal,Normal,False,False,False
Normal,Normal,False,False,False
Normal,Normal,False,False,False
Normal,Normal,False,False,False
Normal,Normal,False,False,False
Normal,Normal,False,False,False
Normal,Normal,False,False,False
Normal,Normal,False,False,False
Normal,Normal,False,False,False
Normal,Normal,False,False,False
Normal,Normal,False,False,False
Normal,Normal,False,False,False
Normal,Normal,False,False,False
Normal,Normal,False,False,False
Normal,Normal,False,False,False
Normal,Normal,False,False,False
Normal,Normal,False,False,False
Normal,Normal,False,False,False
Normal,Normal,False,False,False
Normal,Normal,False,False,False
Normal,Normal,False,False,False
Normal,Normal,False,False,False
Normal,Normal,False,False,False
Normal,Normal,False,False,False
Normal,Normal,False,False,False
Normal,Normal,False,False,False
Normal,Normal,False,False,False
Normal,Normal,False,False,False
Normal,Normal,False,False,False
Normal,Normal,False,False,False
Normal,Normal,False,False,False
Normal,Normal,False,False,False
Normal,Normal,False,False,False
Normal,Normal,False,False,False
Normal,Normal,False,False,False
Normal,Normal,False,False,False
Normal,Normal,False,False,False
Normal,Normal,False,False,False
Normal,Normal,False,False,False
Normal,Normal,False,False,False
Normal,Normal,False,False,False
Normal,Normal,False,False,False
Normal,Normal,False,False,False
Normal,Normal,False,False,False
Normal,Normal,False,False,False
Normal,Normal,False,False,False
Normal,Normal,False,False,False
Normal,Normal,False,False,False
Normal,Normal,False,False,False
Normal,Normal,False,False,False
Normal,Normal,False,False,False
Normal,Normal,False,False,False
Normal,Normal,False,False,False
Normal,Normal,False,False,False
Normal,Normal,False,False,False
Normal,Normal,False,False,False
Normal,Normal,False,False,False
Normal,Normal,False,False,False
Normal,Normal,False,False,False
Normal,Normal,False,False,False
Normal,Normal,False,False,False
Normal,Normal,False,False,False
Normal,Normal,False,False,False
Normal,Normal,False,False,False
Normal,Normal,False,False,False
Normal,Normal,False,False,False
Normal,Normal,False,False,False
Normal,Normal,False,False,False
Normal,Normal,False,False,False
Normal,Normal,False,False,False
Normal,Normal,False,False,False
Normal,Normal,False,False,False
Normal,Normal,False,False,False
Normal,Normal,False,False,False
Normal,Normal,False,False,False
Normal,Normal,False,False,False
Normal,Normal,False,False,False
Normal,Normal,False,False,False
Normal,Normal,False,False,False
Normal,Normal,False,False,False
Normal,Normal,False,False,False
Normal,Normal,False,False,False
Normal,Normal,False,False,False
Normal,Normal,False,False,False
Normal,Normal,False,False,False
Normal,Normal,False,False,False
Normal,Normal,False,False,False
Normal,Normal,False,False,False
Normal,Normal,False,False,False
Normal,Normal,False,False,False
Normal,Normal,False,False,False
Normal,Normal,False,False,False
Normal,Normal,False,False,False
Normal,Normal,False,False,False
Normal,Normal,False,True,Yeast
Normal,Normal,False,True,Yeast
Normal,Normal,False,True,Yeast
Normal,Normal,False,True,Yeast
Normal,Normal,False,True,Yeast
Normal,Normal,False,True,Yeast
Normal,Normal,False,True,Yeast
Normal,Normal,False,True,Yeast
Normal,Normal,False,True,Yeast
Normal,Normal,False,True,Yeast
Normal,Normal,False,True,Yeast
Normal,Normal,False,True,Yeast
Normal,Normal,False,True,Yeast
Normal,Normal,False,True,Yeast
Normal,Normal,False,True,Yeast
Normal,Normal,False,True,Yeast
Normal,Normal,False,True,Yeast
Normal,Normal,False,True,Yeast
Normal,Normal,False,True,Yeast
Normal,Normal,False,True,Yeast
Normal,Normal,False,True,Yeast
Normal,Normal,False,True,Yeast
Normal,Normal,False,True,Yeast
Normal,Normal,False,True,Yeast
Normal,Normal,False,True,Yeast
Normal,Normal,False,True,Yeast
Normal,Normal,False,True,Yeast
Normal,Normal,False,True,Yeast
Normal,Normal,False,True,Yeast
Normal,Normal,False,True,Yeast
Normal,Increasing,True,True,Yeast
Normal,Increasing,True,True,Bacteria
Normal,Increasing,True,True,Yeast
Normal,Increasing,True,True,Bacteria
Normal,Increasing,False,False,Yeast
Normal,Increasing,False,False,Bacteria
Normal,Increasing,False,False,Yeast
Normal,Increasing,False,False,Bacteria
Normal,Increasing,False,True,Yeast
Normal,Increasing,True,False,Bacteria
Normal,Increasing,False,True,Yeast
Normal,Increasing,True,False,Bacteria
Normal,Increasing,False,True,Yeast
Normal,Increasing,True,False,Bacteria
Normal,Increasing,False,True,Yeast
Normal,Increasing,True,False,Bacteria
Normal,Increasing,False,True,Yeast
Normal,Increasing,True,False,Bacteria
Normal,Increasing,False,True,Yeast
Normal,Increasing,True,False,Bacteria
Normal,Increasing,False,True,Yeast
Normal,Increasing,True,False,Bacteria
Normal,Increasing,False,True,Yeast
Normal,Increasing,True,False,Bacteria
Normal,Increasing,False,True,Yeast
Normal,Increasing,True,False,Bacteria
Normal,Increasing,False,True,Yeast
Normal,Increasing,True,False,Bacteria
Increasing,Normal,True,True,Yeast
Increasing,Normal,True,True,Yeast
Increasing,Normal,True,False,Yeast
Increasing,Normal,False,False,Yeast
Increasing,Normal,False,False,Yeast
Increasing,Normal,False,False,Yeast
Increasing,Normal,False,False,Yeast
Increasing,Normal,False,False,Yeast
Increasing,Normal,False,False,Yeast
Increasing,Normal,False,False,Yeast
Increasing,Normal,False,False,Yeast
Increasing,Normal,False,False,Yeast
Increasing,Normal,False,False,Yeast
Increasing,Normal,False,False,Yeast
Increasing,Normal,False,False,Yeast
Increasing,Normal,False,False,Yeast
Increasing,Normal,False,False,Yeast
Increasing,Normal,False,False,Yeast
Increasing,Normal,False,False,Yeast
Increasing,Normal,False,False,Yeast
Increasing,Normal,False,False,Yeast
Increasing,Normal,False,False,Yeast
Increasing,Normal,False,False,Yeast
Increasing,Normal,False,False,Yeast
Increasing,Normal,False,False,Yeast
Increasing,Normal,False,False,Yeast
Increasing,Normal,False,False,Yeast
Increasing,Normal,False,False,Yeast
Increasing,Normal,False,False,Yeast
Increasing,Normal,False,False,Yeast
Increasing,Normal,False,False,Yeast
Increasing,Normal,False,False,Yeast
Increasing,Normal,False,False,Yeast
Increasing,Normal,False,True,Yeast
Increasing,Normal,False,True,Yeast
Increasing,Normal,False,True,Yeast
Increasing,Normal,False,True,Yeast
Increasing,Normal,False,True,Yeast
Increasing,Normal,False,True,Yeast
Increasing,Normal,False,True,Yeast
Increasing,Normal,False,True,Yeast
Increasing,Normal,False,True,Yeast
Increasing,Normal,False,True,Yeast
Increasing,Normal,False,True,Yeast
Increasing,Normal,False,True,Yeast
Increasing,Normal,False,True,Yeast
Increasing,Normal,False,True,Yeast
Increasing,Normal,False,True,Yeast
Increasing,Normal,False,True,Yeast
Increasing,Normal,False,True,Yeast
Increasing,Normal,False,True,Yeast
Increasing,Normal,False,True,Yeast
Increasing,Normal,False,True,Yeast
Increasing,Normal,False,True,Yeast
Increasing,Normal,False,True,Yeast
Increasing,Normal,False,True,Yeast
Increasing,Normal,False,True,Yeast
Increasing,Normal,False,True,Yeast
Increasing,Normal,False,True,Yeast
Increasing,Normal,False,True,Yeast
Increasing,Normal,False,True,Yeast
Increasing,Normal,False,True,Yeast
Increasing,Normal,False,True,Yeast
Increasing,Increasing,True,True,Yeast
Increasing,Increasing,True,True,Yeast
Increasing,Increasing,True,False,Yeast
Increasing,Increasing,False,True,Yeast
Increasing,Increasing,False,True,Yeast
Increasing,Increasing,False,True,Yeast
Increasing,Increasing,False,True,Yeast
Increasing,Increasing,False,True,Yeast
Increasing,Increasing,False,True,Yeast
Increasing,Increasing,False,True,Yeast
Increasing,Increasing,False,True,Yeast
Increasing,Increasing,False,True,Yeast
Increasing,Increasing,False,True,Yeast
Increasing,Increasing,False,True,Yeast
Increasing,Increasing,False,True,Yeast
Increasing,Increasing,False,True,Yeast
Increasing,Increasing,False,True,Yeast
Increasing,Increasing,False,True,Yeast
Increasing,Increasing,False,True,Yeast
Increasing,Increasing,False,True,Yeast
Increasing,Increasing,False,True,Yeast
Increasing,Increasing,False,True,Yeast
Increasing,Increasing,False,True,Yeast
Increasing,Increasing,False,True,Yeast
Increasing,Increasing,False,True,Yeast
Increasing,Increasing,False,True,Yeast
Increasing,Increasing,False,True,Yeast
Increasing,Increasing,False,True,Yeast
Increasing,Increasing,False,True,Yeast
Increasing,Increasing,False,True,Yeast
Increasing,Increasing,False,True,Yeast
Increasing,Increasing,False,True,Yeast
Increasing,Increasing,False,True,Yeast
Increasing,Increasing,False,False,Yeast
Decreasing,Increasing,False,False,Bacteria
